codec,score_norm,uAP,accuracy-at-1,recall-at-p90
Flat,None,0.11152417739182188,0.1506,0.0858
"PCAW768,L2norm,Flat",None,0.4068972205041144,0.5315,0.145
Flat,"1.00[0,2]",0.11949274419058302,0.1506,0.0802
"PCAW768,L2norm,Flat","1.00[0,2]",0.5181400788883734,0.5315,0.4497
